Lino,Becerra,01-6439100,example1@gmail.com,phone,afternoon,
Helaine,Bradshaw,01-6439101,example2@gmail.com,email,evening,
Ella,Almond,01-6439102,example3@gmail.com,email,morning,
Dewitt,Becerra,01-6439103,example4@gmail.com,phone,afternoon,
Laverne,Almond,01-6439104,example5@gmail.com,phone,morning,
Loren,Bryson,01-6439105,example6@gmail.com,phone,evening,
Dina,Becerra,01-6439106,example7@gmail.com,email,afternoon,
Paulina,Bradshaw,01-6439107,example8@gmail.com,email,evening,
Doyle,Becerra,01-6439108,example9@gmail.com,email,afternoon,
Gabriela,Almond,01-6439109,example10@gmail.com,email,morning,
Darrick,Bryson,01-6439110,example11@gmail.com,email,evening,
Brittney,Almond,01-6439111,example12@gmail.com,email,morning,
Darin,Bryson,01-6439112,example13@gmail.com,phone,evening,
Helga,Bradshaw,01-6439113,example14@gmail.com,phone,evening,
Lindsey,Almond,01-6439114,example15@gmail.com,email,morning,
Ellan,Bryson,01-6439115,example16@gmail.com,phone,evening,
Addie,Becerra,01-6439116,example17@gmail.com,email,afternoon,
Lorenzo,Becerra,01-6439117,example18@gmail.com,phone,afternoon,
Jeanene,Becerra,01-6439118,example19@gmail.com,phone,afternoon,
Elissa,Bradshaw,01-6439119,example20@gmail.com,phone,evening,
Doug,Almond,01-6439120,example21@gmail.com,phone,morning,
Dewayne,Almond,01-6439121,example22@gmail.com,email,morning,
Lemuel,Bryson,01-6439122,example23@gmail.com,email,evening,
Adriene,Becerra,01-6439123,example24@gmail.com,email,afternoon,
Gaye,Almond,01-6439124,example25@gmail.com,phone,morning,
Devin,Almond,01-6439125,example26@gmail.com,email,morning,
Lionel,Becerra,01-6439126,example27@gmail.com,phone,afternoon,
Delmar,Almond,01-6439127,example28@gmail.com,email,morning,
Garnett,Bryson,01-6439128,example29@gmail.com,email,evening,
Lincoln,Bradshaw,01-6439129,example30@gmail.com,email,evening,
Dinorah,Bradshaw,01-6439130,example31@gmail.com,phone,evening,
Brigid,Becerra,01-6439131,example32@gmail.com,phone,afternoon,
Douglas,Bryson,01-6439132,example33@gmail.com,phone,evening,
Cicely,Bryson,01-6439133,example34@gmail.com,phone,evening,
Deangelo,Almond,01-6439134,example35@gmail.com,phone,morning,
Patty,Bryson,01-6439135,example36@gmail.com,email,evening,
Lecia,Almond,01-6439136,example37@gmail.com,phone,morning,
Maddie,Becerra,01-6439137,example38@gmail.com,email,afternoon,
Domenic,Almond,01-6439138,example39@gmail.com,email,morning,
Del,Bradshaw,01-6439139,example40@gmail.com,phone,evening,
Leanora,Becerra,01-6439140,example41@gmail.com,email,afternoon,
Victoria,Bradshaw,01-6439141,example42@gmail.com,phone,evening,
Lino,Becerra,01-6439142,example43@gmail.com,email,afternoon,
Agnus,Almond,01-6439143,example44@gmail.com,email,morning,
Katherine,Bradshaw,01-6439144,example45@gmail.com,email,evening,
Mackenzie,Almond,01-6439145,example46@gmail.com,phone,morning,
Elke,Bryson,01-6439146,example47@gmail.com,email,evening,
Lonny,Almond,01-6439147,example48@gmail.com,phone,morning,
Lester,Almond,01-6439148,example49@gmail.com,email,morning,
Adell,Bradshaw,01-6439149,example50@gmail.com,email,evening,
Clare,Becerra,01-6439150,example51@gmail.com,email,afternoon,
Dorian,Almond,01-6439151,example52@gmail.com,phone,morning,
Brandy,Almond,01-6439152,example53@gmail.com,phone,morning,
Ciera,Bradshaw,01-6439153,example54@gmail.com,email,evening,
Gabriel,Bradshaw,01-6439154,example55@gmail.com,phone,evening,
Leslie,Bradshaw,01-6439155,example56@gmail.com,phone,evening,
Lucas,Almond,01-6439156,example57@gmail.com,email,morning,
Breana,Bradshaw,01-6439157,example58@gmail.com,email,evening,
Isabell,Bryson,01-6439158,example59@gmail.com,phone,evening,
Sigrid,Becerra,01-6439159,example60@gmail.com,phone,afternoon,
Douglass,Bradshaw,01-6439160,example61@gmail.com,email,evening,
Bridgette,Almond,01-6439161,example62@gmail.com,phone,morning,
Afton,Becerra,01-6439162,example63@gmail.com,phone,afternoon,
Silva,Becerra,01-6439163,example64@gmail.com,email,afternoon,
Agustina,Almond,01-6439164,example65@gmail.com,email,morning,
Isaura,Almond,01-6439165,example66@gmail.com,phone,morning,
Oma,Bryson,01-6439166,example67@gmail.com,phone,evening,
Lucius,Bradshaw,01-6439167,example68@gmail.com,email,evening,
Dustin,Bryson,01-6439168,example69@gmail.com,phone,evening,
Luigi,Becerra,01-6439169,example70@gmail.com,email,afternoon,
Lucius,Almond,01-6439170,example71@gmail.com,email,morning,
Adella,Bradshaw,01-6439171,example72@gmail.com,email,evening,
Loren,Becerra,01-6439172,example73@gmail.com,phone,afternoon,
Olivia,Bryson,01-6439173,example74@gmail.com,email,evening,
Lee,Bryson,01-6439174,example75@gmail.com,phone,evening,
Diedra,Bryson,01-6439175,example76@gmail.com,email,evening,
Brenna,Bradshaw,01-6439176,example77@gmail.com,email,evening,
Adell,Becerra,01-6439177,example78@gmail.com,email,afternoon,
Leonard,Bradshaw,01-6439178,example79@gmail.com,email,evening,
Adela,Becerra,01-6439179,example80@gmail.com,phone,afternoon,
Donny,Bradshaw,01-6439180,example81@gmail.com,email,evening,
Abby,Almond,01-6439181,example82@gmail.com,email,morning,
Adelaida,Bradshaw,01-6439182,example83@gmail.com,phone,evening,
Leana,Almond,01-6439183,example84@gmail.com,email,morning,
Madalene,Almond,01-6439184,example85@gmail.com,phone,morning,
Cinthia,Bryson,01-6439185,example86@gmail.com,phone,evening,
David,Bradshaw,01-6439186,example87@gmail.com,phone,evening,
Doug,Bradshaw,01-6439187,example88@gmail.com,email,evening,
Danilo,Bryson,01-6439188,example89@gmail.com,email,evening,
Dexter,Almond,01-6439189,example90@gmail.com,email,morning,
Dorian,Almond,01-6439190,example91@gmail.com,phone,morning,
Signe,Becerra,01-6439191,example92@gmail.com,phone,afternoon,
Jeanene,Almond,01-6439192,example93@gmail.com,phone,morning,
Deon,Bryson,01-6439193,example94@gmail.com,email,evening,
Garnett,Bradshaw,01-6439194,example95@gmail.com,email,evening,
Heidy,Almond,01-6439195,example96@gmail.com,email,morning,
Gabriele,Bradshaw,01-6439196,example97@gmail.com,email,evening,
Britney,Becerra,01-6439197,example98@gmail.com,phone,afternoon,
Brandy,Bradshaw,01-6439198,example99@gmail.com,phone,evening,
Macy,Bradshaw,01-6439199,example100@gmail.com,email,evening,
Adrianne,Bryson,01-6439200,example101@gmail.com,email,evening,
Deshawn,Becerra,01-6439201,example102@gmail.com,email,afternoon,
Lance,Bradshaw,01-6439202,example103@gmail.com,phone,evening,
Leandro,Bradshaw,01-6439203,example104@gmail.com,phone,evening,
Lupe,Becerra,01-6439204,example105@gmail.com,phone,afternoon,
Lindsey,Bryson,01-6439205,example106@gmail.com,email,evening,
Jeanene,Bradshaw,01-6439206,example107@gmail.com,phone,evening,
Darrin,Bradshaw,01-6439207,example108@gmail.com,email,evening,
Adah,Bradshaw,01-6439208,example109@gmail.com,email,evening,
Madalyn,Bryson,01-6439209,example110@gmail.com,email,evening,
Adrianna,Almond,01-6439210,example111@gmail.com,email,morning,
Paulene,Becerra,01-6439211,example112@gmail.com,phone,afternoon,
Helga,Bryson,01-6439212,example113@gmail.com,email,evening,
Les,Almond,01-6439213,example114@gmail.com,email,morning,
Britany,Bryson,01-6439214,example115@gmail.com,phone,evening,
Darrel,Bradshaw,01-6439215,example116@gmail.com,phone,evening,
Adrian,Becerra,01-6439216,example117@gmail.com,phone,afternoon,
Isadora,Becerra,01-6439217,example118@gmail.com,phone,afternoon,
Brigitte,Bradshaw,01-6439218,example119@gmail.com,email,evening,
Cinda,Almond,01-6439219,example120@gmail.com,email,morning,
Brigid,Almond,01-6439220,example121@gmail.com,email,morning,
Brittaney,Almond,01-6439221,example122@gmail.com,email,morning,
Mabelle,Almond,01-6439222,example123@gmail.com,email,morning,
Olympia,Bradshaw,01-6439223,example124@gmail.com,email,evening,
Logan,Bradshaw,01-6439224,example125@gmail.com,phone,evening,
Douglass,Becerra,01-6439225,example126@gmail.com,email,afternoon,
Aimee,Bradshaw,01-6439226,example127@gmail.com,phone,evening,
Dionna,Bradshaw,01-6439227,example128@gmail.com,phone,evening,
Henriette,Almond,01-6439228,example129@gmail.com,phone,morning,
Donovan,Almond,01-6439229,example130@gmail.com,phone,morning,
Diego,Becerra,01-6439230,example131@gmail.com,email,afternoon,
Daron,Almond,01-6439231,example132@gmail.com,email,morning,
Darren,Bryson,01-6439232,example133@gmail.com,email,evening,
Diedre,Bryson,01-6439233,example134@gmail.com,email,evening,
Jeanetta,Almond,01-6439234,example135@gmail.com,email,morning,
Duncan,Bradshaw,01-6439235,example136@gmail.com,email,evening,
Deshawn,Becerra,01-6439236,example137@gmail.com,phone,afternoon,
Garnet,Becerra,01-6439237,example138@gmail.com,phone,afternoon,
Katherine,Becerra,01-6439238,example139@gmail.com,email,afternoon,
Olympia,Becerra,01-6439239,example140@gmail.com,phone,afternoon,
Brandy,Bradshaw,01-6439240,example141@gmail.com,email,evening,
Abbey,Becerra,01-6439241,example142@gmail.com,phone,afternoon,
Herlinda,Bradshaw,01-6439242,example143@gmail.com,email,evening,
Leonardo,Bradshaw,01-6439243,example144@gmail.com,phone,evening,
Lloyd,Bryson,01-6439244,example145@gmail.com,phone,evening,
Adriana,Becerra,01-6439245,example146@gmail.com,email,afternoon,
Larry,Bryson,01-6439246,example147@gmail.com,email,evening,
Aja,Becerra,01-6439247,example148@gmail.com,email,afternoon,
Luigi,Bradshaw,01-6439248,example149@gmail.com,phone,evening,
Bridgette,Bradshaw,01-6439249,example150@gmail.com,phone,evening,
Lucius,Becerra,01-6439250,example151@gmail.com,phone,afternoon,
Mabelle,Almond,01-6439251,example152@gmail.com,phone,morning,
Linwood,Bryson,01-6439252,example153@gmail.com,phone,evening,
Lawrence,Bryson,01-6439253,example154@gmail.com,phone,evening,
Don,Becerra,01-6439254,example155@gmail.com,email,afternoon,
Dion,Bryson,01-6439255,example156@gmail.com,phone,evening,
Ciara,Bradshaw,01-6439256,example157@gmail.com,email,evening,
Loren,Becerra,01-6439257,example158@gmail.com,email,afternoon,
Elizabet,Bradshaw,01-6439258,example159@gmail.com,email,evening,
Dominic,Almond,01-6439259,example160@gmail.com,phone,morning,
Kathline,Bradshaw,01-6439260,example161@gmail.com,email,evening,
Darrick,Bryson,01-6439261,example162@gmail.com,email,evening,
Katheryn,Bradshaw,01-6439262,example163@gmail.com,phone,evening,
Gay,Becerra,01-6439263,example164@gmail.com,phone,afternoon,
Herlinda,Almond,01-6439264,example165@gmail.com,email,morning,
Leah,Becerra,01-6439265,example166@gmail.com,phone,afternoon,
Daniel,Bryson,01-6439266,example167@gmail.com,email,evening,
Fae,Bradshaw,01-6439267,example168@gmail.com,phone,evening,
Ollie,Bryson,01-6439268,example169@gmail.com,email,evening,
Isadora,Almond,01-6439269,example170@gmail.com,email,morning,
Macy,Almond,01-6439270,example171@gmail.com,email,morning,
Dionne,Bryson,01-6439271,example172@gmail.com,phone,evening,
Abby,Becerra,01-6439272,example173@gmail.com,email,afternoon,
Viki,Becerra,01-6439273,example174@gmail.com,phone,afternoon,
Darin,Becerra,01-6439274,example175@gmail.com,phone,afternoon,
Paula,Becerra,01-6439275,example176@gmail.com,phone,afternoon,
Lawrence,Becerra,01-6439276,example177@gmail.com,email,afternoon,
Nellie,Becerra,01-6439277,example178@gmail.com,phone,afternoon,
Isaura,Bradshaw,01-6439278,example179@gmail.com,phone,evening,
Dan,Bryson,01-6439279,example180@gmail.com,phone,evening,
Breana,Becerra,01-6439280,example181@gmail.com,phone,afternoon,
Long,Becerra,01-6439281,example182@gmail.com,email,afternoon,
Damian,Becerra,01-6439282,example183@gmail.com,email,afternoon,
Dante,Bryson,01-6439283,example184@gmail.com,email,evening,
Ciera,Becerra,01-6439284,example185@gmail.com,email,afternoon,
Farrah,Becerra,01-6439285,example186@gmail.com,phone,afternoon,
Henrietta,Bryson,01-6439286,example187@gmail.com,email,evening,
Henrietta,Becerra,01-6439287,example188@gmail.com,email,afternoon,
Desmond,Bradshaw,01-6439288,example189@gmail.com,phone,evening,
Gabrielle,Almond,01-6439289,example190@gmail.com,phone,morning,
Damion,Almond,01-6439290,example191@gmail.com,phone,morning,
Larry,Almond,01-6439291,example192@gmail.com,phone,morning,
Les,Bryson,01-6439292,example193@gmail.com,email,evening,
Dannie,Bradshaw,01-6439293,example194@gmail.com,email,evening,
Victorina,Almond,01-6439294,example195@gmail.com,phone,morning,
Darrick,Becerra,01-6439295,example196@gmail.com,phone,afternoon,
Dominique,Almond,01-6439296,example197@gmail.com,email,morning,
Paul,Becerra,01-6439297,example198@gmail.com,email,afternoon,
Heike,Bryson,01-6439298,example199@gmail.com,phone,evening,
Dwayne,Almond,01-6439299,example200@gmail.com,email,morning,